lon,lat,elev_m,vdatum,Description,HWM_ID,date,elev_msl_m
-73.9784,40.30687,5.7912,NAVD88,Fair debris line on mowed grass lawn,HWM-NJ-MON-101,10/30/2012,5.716593939
-73.9849,40.27598,5.30352,NAVD88,Fair debris on front yard,HWM-NJ-MON-102,10/30/2012,5.229340902
-73.9857,40.27621,4.45008,NAVD88,Poor debris line on mowed grass area,HWM-NJ-MON-103,10/30/2012,4.375900902
-73.992,40.257,4.17576,NAVD88,Good debris line on sidewalk and lawn of front yard,HWM-NJ-MON-104,10/30/2012,4.1015076032
-74.0087,40.23199,3.13944,NAVD88,Good debris line on concrete sidewalk,HWM-NJ-MON-105,10/30/2012,3.0685242861
-73.9997,40.22761,3.53568,NAVD88,Good debris line on empty grass lot,HWM-NJ-MON-106,10/30/2012,3.4620726446
-73.7492,40.77994,3.13944,NAVD88,Good seedline on power pole in park,HWM-NY-QUE-501,10/30/2012,3.0772002115
-73.7492,40.77994,3.13944,NAVD88,Good seedline on house garage,HWM-NY-QUE-502,10/30/2012,3.0772002115
-74.0131,40.21469,3.2004,NAVD88,Good debris line on concrete parking lot,HWM-NJ-MON-107,10/30/2012,3.1293001673
-74.0128,40.20718,3.38328,NAVD88,Poor debris line on mowed grassy park lawn,HWM-NJ-MON-108,10/30/2012,3.3125154733
-73.8493,40.79284,3.07848,NAVD88,Good washline in park,HWM-NY-QUE-503,10/30/2012,3.0208719469
-74.0203,40.19607,3.62712,NAVD88,Fair debris line,HWM-NJ-MON-109,10/30/2012,3.5583596795
-74.0594,40.18867,3.38328,NAVD88,Good debris line on mowed field,HWM-NJ-MON-110,10/30/2012,3.3264591604
-72.8549,40.7475,1.73736,NAVD88,Excellent wash line on side of garage,HWM-NY-SUF-401,10/30/2012,1.7163791874
-73.0137,40.7505,1.76784,NAVD88,Excellent wash line on side of shed,HWM-NY-SUF-402,10/30/2012,1.7610541425
-74.0363,40.61089,3.93192,NAVD88,Poor debris line,HWM-NY-KIN-903,10/30/2012,3.8661849654
-73.9905,40.70396,3.44424,NAVD88,Good seedline in window of Bubby's Restaurant and Bar,HWM-NY-KIN-504,10/30/2012,3.3407042435
-73.959,40.74169,3.26136,NAVD88,Good seedline on Amtrak facility,HWM-NY-QUE-505,10/30/2012,3.1846438973
-74.0001,40.59519,3.5052,NAVD88,Excellent seedline on wall inside building,HWM-NY-KIN-904,10/30/2012,3.4382518693
-74.0187,40.17219,3.6576,NAVD88,Fair debris line on mowed empty lot,HWM-NJ-MON-111,10/30/2012,3.5885988469
-74.0291,40.14376,2.77368,NAVD88,Good debris line on mowed yard,HWM-NJ-MON-112,10/30/2012,2.7081255749
-74.0421,40.14094,2.7432,NAVD88,Good debris line on mowed grass area,HWM-NJ-MON-113,10/30/2012,2.6835235652
-74.1099,40.13783,2.86512,NAVD88,Poor debris line on mowed grass,HWM-NJ-MON-114,10/30/2012,2.8324465442
-73.936,40.77227,3.32232,NAVD88,Good seedline on windows and brick of apartment building,HWM-NY-QUE-506,10/30/2012,3.2644037052
-73.2799,40.6853,2.25552,NAVD88,Poor debris line on grassy embankment,HWM-NY-SUF-403,10/30/2012,2.2637042206
-73.5302,40.8775,2.98704,NAVD88,Good seed line inside of building,HWM-NY-NAS-501,10/30/2012,2.91544866
-73.5366,40.87593,3.07848,NAVD88,Good seed line inside of building,HWM-NY-NAS-502,10/30/2012,3.0062774814
-74.883,38.9572,1.73736,NAVD88,Good debris line on side of road,HWM-NJ-CPM-001,10/29/2012,1.6481797242
-74.855,38.9588,1.61544,NAVD88,Good debris line in yard,HWM-NJ-CPM-002,10/29/2012,1.5262608045
-74.8544,38.96413,1.79832,NAVD88,Fair debris line in garden,HWM-NJ-CPM-003,10/29/2012,1.7104896502
-74.8027,39.07744,2.10312,NAVD88,Excellent seed/mud line on side of building,HWM-NJ-CPM-004,10/29/2012,2.0353459501
-74.7692,39.06005,2.04216,NAVD88,Good seedline on front porch steps,HWM-NJ-CPM-005,10/29/2012,1.9718669982
-74.7377,39.08239,2.37744,NAVD88,Good seedline on vinyl fence,HWM-NJ-CPM-007,10/29/2012,2.3106300701
-74.7249,39.09663,2.10312,NAVD88,Fair seedline on vinyl fence,HWM-NJ-CPM-008,10/29/2012,2.0272541427
-73.8444,40.66155,3.32232,NAVD88,Good seedline on fence,HWM-NY-QUE-507,10/30/2012,3.2545602254
-73.8422,40.65267,3.29184,NAVD88,Good seedline on fence,HWM-NY-QUE-508,10/30/2012,3.2236113752
-73.9979,40.58019,3.5052,NAVD88,Good debris line around hill side,HWM-NY-KIN-905,10/30/2012,3.4378291159
-73.8828,40.56704,3.3528,NAVD88,Excellent seedline on inside of doorway,HWM-NY-QUE-907,10/30/2012,3.2826267886
-73.9153,40.78615,3.2004,NAVD88,Poor wash line on green space in park,HWM-NY-QUE-509,10/30/2012,3.1493594214
-73.8963,40.60743,3.41376,NAVD88,Good seedline on trailer,HWM-NY-KIN-908,10/30/2012,3.3449370722
-74.2447,40.4579,4.81584,NAVD88,Poor debris line on asphalt sidewalk,HWM-NJ-MID-101,10/29/2012,4.7861709573
-73.9652,40.71887,3.41376,NAVD88,Good seedline inside of office building,HWM-NY-KIN-510,10/30/2012,3.3236319135
-73.8637,40.65948,3.048,NAVD88,Excellent mud line on inside of security hut,HWM-NY-KIN-909,10/30/2012,2.9804318022
-74.0096,40.66879,3.41376,NAVD88,Good water line on metal door inside concrete building,HWM-NY-KIN-511,10/30/2012,3.337858447
-73.8064,42.26305,2.8956,NAVD88,Excellent seed line on Athens wastewater treatment plant sign,HWM-NY-GRE-004,10/30/2012,2.9202894937
-73.8066,42.26287,2.8956,NAVD88,Excellent seed line on outside of blue house,HWM-NY-GRE-005,10/30/2012,2.9202894937
-73.8063,42.26246,2.8956,NAVD88,Excellent seed line on white house,HWM-NY-GRE-006,10/30/2012,2.9202894937
-73.8064,42.26333,2.8956,NAVD88,Excellent seedline on outside of red garage on wastewater treatment plant property,HWM-NY-GRE-007,10/30/2012,2.9202894937
-73.8486,40.75974,3.2004,NAVD88,Poor debris line in parking lot,HWM-NY-QUE-603,10/30/2012,3.141713494
-74.0156,40.7011,3.53568,NAVD88,Good mud line on outside window of building,HWM-NY-NEW-100,10/30/2012,3.4646966423
-74.015,40.7011,3.47472,NAVD88,Good mud line on patio of building,HWM-NY-NEW-101,10/30/2012,3.4037366423
-74.0169,40.7044,3.048,NAVD88,Good mud line inside steel storage container,HWM-NY-NEW-102,10/30/2012,2.9731504615
-74.0167,40.7044,3.3528,NAVD88,Fair seed line on wooden construction wall,HWM-NY-NEW-103,10/30/2012,3.2779504615
-73.2648,40.65891,2.16408,NAVD88,Poor debris line on grassy embankment,HWM-NY-SUF-404,10/30/2012,2.16408
-72.6199,40.9042,2.34696,NAVD88,Excellent seed line inside building,HWM-NY-SUF-409,10/30/2012,2.2093520232
-73.4466,40.66249,2.34696,NAVD88,Excellent seed line on inside wall of building,HWM-NY-NAS-902,10/29/2012,2.3556841884
-73.461,40.65387,2.4384,NAVD88,Good seed line on side of house,HWM-NY-NAS-903,10/30/2012,2.4478847186
-73.4714,40.66478,2.56032,NAVD88,Good seed line on side of fence,HWM-NY-NAS-904,10/30/2012,2.5702443866
-73.4956,40.65828,1.524,NAVD88,Good seed line on fence post,HWM-NY-NAS-905,10/30/2012,1.5335611215
-73.5048,40.65828,2.40792,NAVD88,Good debris line on grassy hill,HWM-NY-NAS-906,10/30/2012,2.4160761413
-73.5162,40.64879,2.5908,NAVD88,Good seed line on side of fence,HWM-NY-NAS-907,10/29/2012,2.5999458429
-73.5291,40.66016,2.62128,NAVD88,Excellent seed line on side of fence,HWM-NY-NAS-908,10/29/2012,2.627370261
-74.0985,40.58222,3.81,NAVD88,Fair seed line on side of fence,HWM-NY-RIC-701,10/30/2012,3.7521107583
-74.2539,40.50242,3.99288,NAVD88,Good debris line on grass,HWM-NY-RIC-702,10/30/2012,3.9660977109
-74.2412,40.49965,4.02336,NAVD88,Fair seed line on side of fence,HWM-NY-RIC-703,10/29/2012,3.9940669155
-74.2312,40.50235,4.02336,NAVD88,Good debris line on lawn,HWM-NY-RIC-704,10/29/2012,3.9923961824
-74.1944,40.51544,3.9624,NAVD88,Fair debris line on lawn,HWM-NY-RIC-705,10/30/2012,3.9228743905
-74.1437,40.53935,2.98704,NAVD88,Fair debris line on concrete sidewalk,HWM-NY-RIC-706,10/30/2012,2.9371972363
-73.4432,40.92202,3.01752,NAVD88,Good wash line on grass lawn,HWM-NY-SUF-601,10/29/2012,2.9581845298
-73.4836,40.90728,2.8956,NAVD88,Fair debris line on tree,HWM-NY-SUF-602,10/29/2012,2.8324223026
-73.435,40.89717,2.92608,NAVD88,Good debris line,HWM-NY-SUF-603,10/29/2012,2.867197201
-73.4028,40.90536,2.98704,NAVD88,Good seed line on fence,HWM-NY-SUF-604,10/29/2012,2.9285750035
-73.3571,40.92593,2.98704,NAVD88,Excellent seed line on outside of building,HWM-NY-SUF-606,10/30/2012,2.929312149
-73.3981,40.9541,3.048,NAVD88,Good seed line on outside of shed,HWM-NY-SUF-607,10/30/2012,2.9906353276
-73.2964,40.92305,2.40792,NAVD88,Good seed line on mailbox post,HWM-NY-SUF-608,10/29/2012,2.3506297179
-72.3616,41.10095,1.95072,NAVD88,Excellent seed line,HWM-NY-SUF-301,10/29/2012,1.8496496108
-72.6617,40.915,2.37744,NAVD88,Good seed line on front of house,HWM-NY-SUF-408,10/29/2012,2.2583405469
-73.1497,40.92173,2.80416,NAVD88,Excellent seed line on side of fence,HWM-NY-SUF-610,10/29/2012,2.7465402719
-73.0214,40.95901,2.62128,NAVD88,Excellent seed line on utility pole,HWM-NY-SUF-611,10/29/2012,2.5602717962
-72.6157,40.98731,2.22504,NAVD88,Excellent seed line on guard booth,HWM-NY-SUF-612,10/29/2012,2.1555434205
-73.7275,40.65054,2.68224,NAVD88,Excellent seed line on side of house,HWM-NY-NAS-909,10/30/2012,2.6356337648
-73.7567,40.6171,3.10896,NAVD88,Excellent seed line on front of house,HWM-NY-NAS-911,10/30/2012,3.0392691541
-73.732,40.60548,2.98704,NAVD88,Excellent seed line on side of house,HWM-NY-NAS-912,10/29/2012,2.9680981468
-73.7153,40.60913,3.048,NAVD88,Poor rack line on grass lawn,HWM-NY-NAS-913,10/29/2012,3.0366145787
-73.7064,40.62015,3.07848,NAVD88,Excellent seed line on front of house,HWM-NY-NAS-914,10/29/2012,3.0708971646
-73.6696,40.63459,2.92608,NAVD88,Excellent seed line on side of house,HWM-NY-NAS-915,10/29/2012,2.9223258105
-73.6597,40.64152,2.5908,NAVD88,Good seed line on front of building,HWM-NY-NAS-916,10/29/2012,2.5833111616
-73.8541,42.21036,2.5908,NAVD88,Good seedline on cinder block wall behind dumpster,HWM-NY-GRE-008,10/30/2012,2.6202182617
-73.8538,42.21034,2.92608,NAVD88,"Good seed/ mud line on window of ""Historic Catskill Point"" building",HWM-NY-GRE-009,10/30/2012,2.9554982617
-73.8544,42.21027,2.8956,NAVD88,"Fair seed line on ""Catskill Historical marker"" sign on ""Port of Call"" restaurant",HWM-NY-GRE-010,10/30/2012,2.9250182617
-73.8544,42.21043,2.92608,NAVD88,"Good seed line on gate for ""Port of Call"" restaurant",HWM-NY-GRE-011,10/30/2012,2.9554982617
-73.8543,42.21046,2.92608,NAVD88,"Good mud line on ""Port of Call"" restaurant door",HWM-NY-GRE-012,10/30/2012,2.9554982617
-74.0289,40.7588,2.86512,NAVD88,Good mud line on church,HWM-NJ-HUD-001,10/30/2012,2.8182793993
-74.0289,40.7588,2.86512,NAVD88,Good mud line on building,HWM-NJ-HUD-002,10/30/2012,2.8182793993
-74.0289,40.7588,2.86512,NAVD88,Good mud line on building,HWM-NJ-HUD-003,10/30/2012,2.8182793993
-74.0297,40.75896,3.6576,NAVD88,Good mud line on garage,HWM-NJ-HUD-004,10/30/2012,3.6107593993
-74.0297,40.75896,3.6576,NAVD88,Good mud line on garage,HWM-NJ-HUD-005,10/30/2012,3.6107593993
-74.0297,40.75896,3.6576,NAVD88,Good mud line on building,HWM-NJ-HUD-006,10/30/2012,3.6107593993
-74.0234,40.76185,3.13944,NAVD88,Good mud line inside wall of Lincoln Harbor Park entrance,HWM-NJ-HUD-007,10/30/2012,3.0932446494
-74.0234,40.76185,3.07848,NAVD88,Fair debris line on fence,HWM-NJ-HUD-008,10/30/2012,3.0322846494
-74.0239,40.74383,3.26136,NAVD88,Fair debris line on fence,HWM-NJ-HUD-009,10/30/2012,3.2078545383
-74.0263,40.74155,3.2004,NAVD88,Good mudline on glass window,HWM-NJ-HUD-010,10/30/2012,3.1461374588
-74.1422,40.44819,1.55448,NAVD88,Fair seed line on exterior wall of steel shipping container,HWM-NJ-MON-117,10/30/2012,1.5067816587
-73.072,40.94574,2.68224,NAVD88,Excellent seed line on side of fence,HWM-NY-SUF-508,10/30/2012,2.6345934328
-73.072,40.94574,2.68224,NAVD88,Excellent seed line on outside of building,HWM-NY-SUF-509,10/30/2012,2.6345934328
-73.0295,40.95115,2.62128,NAVD88,Excellent seed line on outside of garage,HWM-NY-SUF-510,10/30/2012,2.560871147
-73.6809,40.59185,2.8956,NAVD88,Good wash line on side of fence,HWM-NY-NAS-712,10/30/2012,2.8746682215
-73.6473,40.62223,2.86512,NAVD88,Excellent seed line on side of building,HWM-NY-NAS-917,10/29/2012,2.8647544977
-73.6313,40.63071,2.86512,NAVD88,Excellent seed line on front of house,HWM-NY-NAS-918,10/29/2012,2.86512
-73.6131,40.63021,2.83464,NAVD88,Fair debris line on concrete sidewalk,HWM-NY-NAS-919,10/29/2012,2.8353182808
-73.5957,40.64001,2.80416,NAVD88,Excellent seed line on front of house,HWM-NY-NAS-920,10/29/2012,2.8076606143
-73.5829,40.63229,2.7432,NAVD88,Good seed line on front of house,HWM-NY-NAS-921,10/29/2012,2.7497204687
-73.5539,40.6476,2.56032,NAVD88,Excellent seed line on side of fence,HWM-NY-NAS-922,10/29/2012,2.5670420945
-72.3127,41.14333,1.76784,NAVD88,Good debris line,HWM-NY-SUF-303,10/29/2012,1.6769130324
-72.3124,41.14331,1.95072,NAVD88,Good debris line,HWM-NY-SUF-304,10/29/2012,1.8597930324
-72.3282,41.1307,2.1336,NAVD88,Excellent seed line on outside of garage,HWM-NY-SUF-305,10/29/2012,2.0358527337
-72.3285,41.13118,1.8288,NAVD88,Excellent seed line on side of house,HWM-NY-SUF-306,10/29/2012,1.7355502022
-73.2525,40.70527,1.8288,NAVD88,Excellent seed line on side of fence,HWM-NY-SUF-406,10/29/2012,1.8390699706
-73.2443,40.71159,1.85928,NAVD88,Excellent mud line on front of building,HWM-NY-SUF-407,10/29/2012,1.8859632188
-72.5038,40.8504,2.01168,NAVD88,Excellent seed line on outside of building,HWM-NY-SUF-410,10/29/2012,1.9808052299
-72.5725,40.8448,2.10312,NAVD88,Excellent seed line on outside of building,HWM-NY-SUF-411,10/29/2012,2.0770714124
-72.6245,40.8189,1.95072,NAVD88,Good seed line on outside of garage,HWM-NY-SUF-412,10/30/2012,1.9259818298
-72.7495,40.7877,1.92024,NAVD88,Excellent seed line on outside of building,HWM-NY-SUF-413,10/30/2012,1.8920147904
-72.8161,40.7741,1.9812,NAVD88,Good seed line on side of fence,HWM-NY-SUF-415,10/29/2012,1.9598989931
-73.3745,40.89243,2.92608,NAVD88,Excellent seed line on outside of building,HWM-NY-SUF-605,10/29/2012,2.8673673238
-72.5376,40.99369,2.68224,NAVD88,Excellent seed line on side of house,HWM-NY-SUF-613,10/29/2012,2.5941481125
-72.4731,41.05346,2.34696,NAVD88,Excellent seed line on mailbox post,HWM-NY-SUF-614,10/29/2012,2.2658251443
-74.7564,39.05858,2.07264,NAVD88,Good seedline on vinyl fence,HWM-NJ-CPM-006,10/29/2012,1.9980994892
-73.7532,40.7952,3.10896,NAVD88,Good debris line in yard on Candy Lane,HWM-NY-NAS-512,10/30/2012,3.0449891287
-73.7641,40.81418,3.29184,NAVD88,Fair debris line in yard on Steamboat Road,HWM-NY-NAS-513,10/30/2012,3.2224183436
-73.7552,40.83382,4.75488,NAVD88,Fair debris line in yard on Pool Road,HWM-NY-NAS-514,10/30/2012,4.6698403248
-74.2999,40.50059,4.08432,NAVD88,Fair debris line on sidewalk on southeast corner of building,HWM-NJ-MID-203,10/29/2012,4.0675112927
-74.2883,40.50994,3.93192,NAVD88,Good seed/mud line on inside of door at southwest corner of AT&T building,HWM-NJ-MID-204,10/29/2012,3.9121001387
-74.0856,40.35337,3.41376,NAVD88,Good debris line on pond embankment,HWM-NJ-MON-200,10/30/2012,3.3551569964
-74.0779,40.35713,3.44424,NAVD88,Good debris line in grass of public access area on Navesink River,HWM-NJ-MON-201,10/30/2012,3.3840909376
-74.0699,40.35175,3.41376,NAVD88,Fair debris line on asphalt parking lot,HWM-NJ-MON-118,10/30/2012,3.3527765061
-74.2618,40.5093,3.87096,NAVD88,Good seed/mud line on north wall of utility room in parking garage,HWM-NJ-MID-205,10/29/2012,3.8456312968
-74.2622,40.53586,3.81,NAVD88,Poor seed line downstream side of utility pole,HWM-NJ-MID-206,10/29/2012,3.7850598073
-73.7187,40.81764,2.95656,NAVD88,Fair debris line in yard on Pheasant Run Road,HWM-NY-NAS-516,10/30/2012,2.8262627117
-73.9942,40.40464,3.3528,NAVD88,Good mud line inside shop on wall,HWM-NJ-MON-202,10/30/2012,3.2805087077
-74.0167,40.38797,4.60248,NAVD88,Poor debris line on mowed grass,HWM-NJ-MON-120,10/30/2012,4.533290228
-73.6587,40.99918,3.13944,NAVD88,Good seed line on fence,HWM-CT-FFD-111,10/30/2012,3.0705729424
-73.6594,40.99902,3.16992,NAVD88,Good seed line on structure,HWM-CT-FFD-112,10/30/2012,3.1010529424
-73.4159,41.09975,3.07848,NAVD88,Excellent seedline and debris line on building,HWM-CT-FFD-411,10/30/2012,3.0283188954
-73.4156,41.09927,3.10896,NAVD88,Poor seedline and debris line on support post,HWM-CT-FFD-412,10/30/2012,3.0587988954
-73.3699,41.12284,3.07848,NAVD88,Good seed line on deck,HWM-CT-FFD-511,10/30/2012,3.027003324
-73.3704,41.1234,3.07848,NAVD88,Good seed line and debris line on sidewalk,HWM-CT-FFD-512,10/30/2012,3.027003324
-73.0888,41.25372,2.92608,NAVD88,Fair debris line on ground,HWM-CT-FFD-814,10/30/2012,2.8943773884
-73.0887,41.25345,2.92608,NAVD88,Fair seed line on ground,HWM-CT-FFD-815,10/30/2012,2.8943773884
-73.0508,41.2108,2.83464,NAVD88,Good debris and seed line on pavement,HWM-CT-NHV-111,10/30/2012,2.7650985308
-73.0506,41.21085,2.8956,NAVD88,Good debris and seed line on utility pole,HWM-CT-NHV-112,10/30/2012,2.8260585308
-72.8222,41.26215,2.95656,NAVD88,Good debris line on building,HWM-CT-NHV-611,10/30/2012,2.8714751444
-72.8211,41.261,2.71272,NAVD88,Fair debris line on mowed grass,HWM-CT-NHV-612,10/30/2012,2.6271419607
-72.8193,41.26759,2.86512,NAVD88,Fair debris line on bridge,HWM-CT-NHV-613,10/30/2012,2.7798841212
-72.6695,41.26865,2.56032,NAVD88,Excellent debris line on fence,HWM-CT-NHV-713,10/30/2012,2.4788645979
-72.5297,41.26934,2.4384,NAVD88,Excellent seed and mud line on shed,HWM-CT-MSX-111,10/30/2012,2.3421632048
-72.531,41.26914,2.16408,NAVD88,Excellent seed line on utility box,HWM-CT-MSX-112,10/30/2012,2.0666945861
-72.5243,41.27691,2.07264,NAVD88,Good seed and debris line on gazebo,HWM-CT-MSX-113,10/30/2012,1.9806387556
-72.3514,41.28443,2.1336,NAVD88,Excellent debris line on grass,HWM-CT-MSX-322,10/30/2012,2.0599790548
-72.3515,41.28185,2.16408,NAVD88,Excellent debris line on grass,HWM-CT-MSX-323,10/30/2012,2.0900304825
-72.3578,41.27288,2.10312,NAVD88,Good debris line on ground,HWM-CT-MSX-324,10/30/2012,2.0279775941
-71.9851,41.32519,2.04216,NAVD88,Good debris line on building,HWM-CT-NLD-515,10/30/2012,1.9473876015
-71.9678,41.38061,1.95072,NAVD88,Good debris line on ground,HWM-CT-NLD-516,10/29/2012,1.8623474565
-72.0616,41.31675,1.73736,NAVD88,Good mud line on building,HWM-CT-NLD-517,10/30/2012,1.6454257735
-71.9089,41.34419,1.8288,NAVD88,Good seed line on bridge,HWM-CT-NLD-611,10/29/2012,1.7314151076
-71.9673,41.34669,1.8288,NAVD88,Good seed line on fence,HWM-CT-NLD-612,10/29/2012,1.7340656665
-74.1982,40.64246,3.56616,NAVD88,"Good seed and mud line on upstream, left bank bridge face of 1st St bridge",HWM-NJ-UNI-207,10/30/2012,3.5297333515
-74.2094,40.60061,3.68808,NAVD88,Excellent seed line on inside wall near west emergency exit,HWM-NJ-UNI-209,10/30/2012,3.6526784396
-74.2177,40.57141,3.74904,NAVD88,Excellent seed line on concrete block wall on southwest side of building,HWM-NJ-MID-210,10/30/2012,3.7159113398
-73.6408,40.58398,3.26136,NAVD88,Good wash line on beach wall,HWM-NY-NAS-707,10/30/2012,3.1911129086
-73.9829,40.4002,3.32232,NAVD88,Good mud line in basement of house,HWM-NJ-MON-203,10/30/2012,3.2495210997
-73.9832,40.40011,3.38328,NAVD88,Good seed and mud line on garage door,HWM-NJ-MON-204,10/30/2012,3.3104810997
-73.983,40.40027,3.3528,NAVD88,Good seed and mud line on west face of porch,HWM-NJ-MON-205,10/30/2012,3.2800010997
-73.9832,40.40036,3.23088,NAVD88,Poor mud line on door on south side of house,HWM-NJ-MON-206,10/30/2012,3.1580810997
-73.9742,40.3626,3.048,NAVD88,Fair mud line on interior wall of business,HWM-NJ-MON-207,10/30/2012,2.9744126122
-73.9743,40.36273,3.10896,NAVD88,Fair mud line on interior wall of business,HWM-NJ-MON-208,10/30/2012,3.0353726122
-73.9737,40.35753,3.07848,NAVD88,Good mud line on inside of window,HWM-NJ-MON-209,10/30/2012,3.0046775661
-72.3612,41.10103,1.95072,NAVD88,Good debris line,HWM-NY-SUF-300,10/29/2012,1.8496496108
-72.2586,41.13247,1.88976,NAVD88,Excellent seed line on wall inside building,HWM-NY-SUF-302,10/29/2012,1.7953301047
-72.4708,40.9898,2.16408,NAVD88,Excellent seed line on back of house,HWM-NY-SUF-307,10/29/2012,2.0454947264
-72.6378,40.91593,2.62128,NAVD88,Fair debris line on shoulder of road,HWM-NY-SUF-308,10/29/2012,2.484902427
-73.2772,40.6912,1.76784,NAVD88,Excellent wash line on side of fence,HWM-NY-SUF-405,10/29/2012,1.7766491511
-73.9894,40.704,3.3528,NAVD88,Good seed line on front of building,HWM-NY-KIN-604,10/30/2012,3.2492642435
-72.8632,40.96452,2.52984,NAVD88,Poor debris line on fence,HWM-NY-SUF-506,10/30/2012,2.4612091109
-72.8632,40.96492,2.5908,NAVD88,Excellent seed line on back of shed,HWM-NY-SUF-507,10/30/2012,2.5221691109
-73.2236,40.89697,2.71272,NAVD88,Excellent seed line on side of fence,HWM-NY-SUF-609,10/29/2012,2.6544017687
-73.7209,40.943,3.2004,NAVD88,Excellent seed line in shower stall of Mamaroneck Yacht Club,HWM-NY-WES-800,10/30/2012,3.1248667217
-73.7824,40.89064,3.10896,NAVD88,Excellent seed line inside steel container on dock,HWM-NY-WES-801,10/30/2012,3.0240343559
-72.5564,41.0122,2.37744,NAVD88,Excellent seed line on side of fence,HWM-NY-SUF-511,10/30/2012,2.3050392438
-72.7501,40.80359,1.9812,NAVD88,Good debris line,HWM-NY-SUF-615,10/30/2012,1.9576642064
-72.7989,40.78509,1.9812,NAVD88,Excellent seed line inside building,HWM-NY-SUF-616,10/30/2012,1.9592301321
-72.8312,40.79636,2.04216,NAVD88,Good seed line inside shed,HWM-NY-SUF-617,10/29/2012,2.0231437323
-72.8311,40.75787,1.88976,NAVD88,Good seed line on back of deck,HWM-NY-SUF-618,10/29/2012,1.8681342186
-72.882,40.74395,1.46304,NAVD88,Good seed line on side of fence,HWM-NY-SUF-619,10/29/2012,1.443309976
-72.9344,40.75282,1.70688,NAVD88,Excellent seed line on park wall,HWM-NY-SUF-620,10/29/2012,1.6926606852
-73.8255,40.61659,3.13944,NAVD88,Good debris line,HWM-NY-QUE-713,10/29/2012,3.0696015804
-73.822,40.60587,3.13944,NAVD88,Excellent wash line on wall inside house,HWM-NY-QUE-714,10/29/2012,3.0692805871
-74.0112,40.57941,3.77952,NAVD88,Excellent wash line on outside of house,HWM-NY-KIN-715,10/29/2012,3.712718221
-73.926,40.877,2.8956,NAVD88,Good debris line on beach,HWM-NY-NEW-802,10/30/2012,2.8956
-73.9119,40.868,2.7432,NAVD88,Excellent seed line on guard booth,HWM-NY-NEW-803,10/30/2012,2.7432
-73.929,40.8428,2.95656,NAVD88,Excellent seed line on side of fence,HWM-NY-BRO-804,10/30/2012,2.9431409549
-73.9322,40.823,3.01752,NAVD88,Good mud line on concrete path,HWM-NY-BRO-805,10/30/2012,2.9873143684
-73.9155,40.7966,3.38328,NAVD88,Fair debris line on side of fence,HWM-NY-NEW-806,10/30/2012,3.3348676472
-73.4633,40.85722,2.95656,NAVD88,Excellent cork line in gage house,HWM-NY-NAS-923,10/30/2012,2.8983227752
-73.4728,40.86783,3.048,NAVD88,Fair debris line on grass,HWM-NY-NAS-924,10/30/2012,2.9874404106
-73.5036,40.87199,3.10896,NAVD88,Excellent seed line on back of house,HWM-NY-NAS-925,10/30/2012,3.041842756
-73.5092,40.88895,2.98704,NAVD88,Good debris line on lawn,HWM-NY-NAS-926,10/30/2012,2.919308627
-73.4877,40.87615,2.8956,NAVD88,Excellent seed line on shed,HWM-NY-NAS-927,10/29/2012,2.8328417629
-73.5167,40.87341,3.048,NAVD88,Excellent seed line on side of fence,HWM-NY-NAS-928,10/30/2012,2.9781279411
-73.546,40.88239,2.92608,NAVD88,Excellent seed line on tree,HWM-NY-NAS-929,10/30/2012,2.8518038731
-73.5433,40.90515,3.048,NAVD88,Good debris line,HWM-NY-NAS-930,10/30/2012,2.9740861874
-73.526,40.91413,2.98704,NAVD88,Good debris line on lawn,HWM-NY-NAS-931,10/30/2012,2.9164581317
-73.5123,40.90336,2.95656,NAVD88,Excellent seed line on back of building,HWM-NY-NAS-932,10/30/2012,2.888194061
-73.5325,40.88625,3.048,NAVD88,Excellent seed line on side of garage,HWM-NY-NAS-933,10/30/2012,2.9758309494
-73.5399,40.91038,2.46888,NAVD88,Good seed line on side of fence,HWM-NY-NAS-934,10/30/2012,2.3955091037
-73.5581,40.91084,3.38328,NAVD88,Excellent seed line on side of fence,HWM-NY-NAS-935,10/30/2012,3.3080584615
-74.2009,39.76567,1.34112,NAVD88,Good seed line on retaining wall behind house on 11th St,HWM-NJ-OCE-302,10/30/2012,1.3389157127
-74.1828,39.79198,2.22504,NAVD88,Fair seed line on foudation of Bayview condo at Vessel St,HWM-NJ-OCE-306,10/30/2012,2.2249892401
-74.1845,39.82832,1.76784,NAVD88,Fair seed line on white fence east of house,HWM-NJ-OCE-309,10/30/2012,1.7669445601
-74.1943,39.83558,1.8288,NAVD88,"Poor debris line on downstream, left bank of culvert in grass area in front of Forked River State Marina",HWM-NJ-OCE-312,10/30/2012,1.8274983315
-74.1269,39.90762,1.61544,NAVD88,Fair seed line on back of flower box wall in the backyard,HWM-NJ-OCE-314,10/30/2012,1.6154440309
-74.5143,40.54136,4.20624,NAVD88,Poor debris line,HWM-NJ-SOM-212,10/29/2012,4.3062400015
-74.1365,39.70794,1.58496,NAVD88,Fair seed line on garage door,HWM-NJ-OCE-319,10/30/2012,1.5759785318
-74.0393,40.41679,3.56616,NAVD88,Poor debris line on fence,HWM-NJ-MON-210,10/30/2012,3.4986579186
-73.7287,40.83497,3.29184,NAVD88,Fair wash line in yard,HWM-NY-NAS-518,10/30/2012,3.176050445
-73.9386,42.07166,2.86512,NAVD88,Good seed line on back of shed behind 145 Lighthouse Drive,HWM-NY-ULS-001,10/30/2012,2.9086820025
-73.9381,42.0712,2.86512,NAVD88,Good seed line on landward side of 146 Lighthouse drive,HWM-NY-ULS-002,10/30/2012,2.9086820025
-73.937,42.07149,2.86512,NAVD88,Good seed line on handrail of U.S. Coast Guard post,HWM-NY-ULS-003,10/30/2012,2.9086820025
-73.9684,41.929,2.83464,NAVD88,Excellent seed line on large front window of 136 Delaware Avenue,HWM-NY-ULS-004,10/30/2012,2.8982445337
-73.9685,41.92898,2.83464,NAVD88,Excellent seed line on siding of South side of 138 Delaware Avenue,HWM-NY-ULS-005,10/30/2012,2.8982445337
-73.9685,41.92904,2.80416,NAVD88,Excellent seed line on west side of 138 Delaware Avenue,HWM-NY-ULS-006,10/30/2012,2.8677645337
-73.9687,41.92899,2.80416,NAVD88,Excellent mud line on south side of 146 Delaware Avenue,HWM-NY-ULS-007,10/30/2012,2.8677645337
-73.9401,41.70667,2.7432,NAVD88,Good seed line on back door of restaurant,HWM-NY-DUT-001,10/30/2012,2.7950128872
-73.94,41.70699,2.7432,NAVD88,Good debris line on grass,HWM-NY-DUT-002,10/30/2012,2.7950128872
-73.9393,41.70874,2.77368,NAVD88,Good seed line on downstream exteriorwall of Children's Museum,HWM-NY-DUT-003,10/30/2012,2.8257282883
-73.9392,41.70865,2.7432,NAVD88,Good seed line on streamward side of outbuilding,HWM-NY-DUT-004,10/30/2012,2.7952482883
-73.9395,41.70853,2.7432,NAVD88,Good seedline on upstream side of green power shed,HWM-NY-DUT-005,10/30/2012,2.7950128872
-74.1101,39.76113,1.61544,NAVD88,Excellent seed line on wall inside store,HWM-NJ-OCE-321,10/30/2012,1.6123239318
-74.0967,40.42259,2.92608,NAVD88,Fair mud and seed line on ouside wall of business,HWM-NJ-MON-211,10/30/2012,2.8689331267
-73.6568,40.82775,3.16992,NAVD88,Fair wash line in recreation park,HWM-NY-NAS-519,10/30/2012,3.0859342094
-74.2381,40.60051,3.71856,NAVD88,Excellent seed line on south face of horizontal wooden support of walkway,HWM-NJ-MID-150,10/29/2012,3.688557596
-74.0593,40.42251,3.56616,NAVD88,Good mud and seed line on residence door,HWM-NJ-MON-212,10/30/2012,3.5016215062
-74.1406,39.92986,1.9812,NAVD88,Good seed line on house,HWM-NJ-OCE-323,10/30/2012,1.9825876078
-74.3169,40.49159,3.87096,NAVD88,Poor debris on access road near dock,HWM-NJ-MID-403,10/29/2012,3.8584646387
-74.1131,40.43239,3.56616,NAVD88,Good seed line on marsh overflow retaining wall,HWM-NJ-MON-213,10/30/2012,3.5123977243
-74.1668,39.9403,2.04216,NAVD88,Poor debris line on southwest corner of insection of Riverside Dr and Hillside Ave,HWM-NJ-OCE-325,10/30/2012,2.0484825315
-74.2766,40.50101,4.14528,NAVD88,Excellent seed and mud line on west side entrance of red brick city building on 2nd St,HWM-NJ-MID-404,10/29/2012,4.1232054515
-74.1362,40.44246,1.58496,NAVD88,"Excellent seed line on upstream, right of wooden walkway bridge",HWM-NJ-MON-214,10/30/2012,1.5355881726
-74.1466,40.4473,1.55448,NAVD88,Fair seed line on wooden fence post,HWM-NJ-MON-215,10/30/2012,1.5075397217
-74.1595,40.4429,3.6576,NAVD88,Excellent seed line on wall inside house,HWM-NJ-MON-216,10/30/2012,3.6129208537
-74.0843,39.9136,1.92024,NAVD88,Excellent seed on inside of window,HWM-NJ-OCE-328,10/30/2012,1.92024
-74.0802,39.92125,1.88976,NAVD88,Excellent seed line on inside of window,HWM-NJ-OCE-330,10/30/2012,1.8550189671
-74.1632,40.44647,3.9624,NAVD88,Excellent seed line on exterior of house near window screen,HWM-NJ-MON-217,10/30/2012,3.9183837021
-73.975,40.34079,2.8956,NAVD88,Good seed and mud line in garage,HWM-NJ-MON-314,10/30/2012,2.8216201752
-73.5037,40.60113,2.4384,NAVD88,Excellent seed line on inside of pump station door,HWM-NY-NAS-224,10/30/2012,2.4384506807
-73.5544,40.58967,2.65176,NAVD88,Excellent seed and mud line on inside of concession stand building,HWM-NY-NAS-225,10/30/2012,2.614156808
-74.13,40.71374,3.53568,NAVD88,Excellent debris line on west face of bus shelter,HWM-NJ-ESS-102,10/30/2012,3.5064193125
-74.0913,40.72596,3.3528,NAVD88,Good debris line on east most concrete block of bench support in first base dugout,HWM-NJ-HUD-103,10/30/2012,3.3149032141
-73.9995,40.31362,2.92608,NAVD88,Good seed and mud line on outside of garage door,HWM-NJ-MON-315,10/30/2012,2.8547274138
-74.0708,39.98831,2.10312,NAVD88,Good seed line on front of house,HWM-NJ-OCE-332,10/30/2012,2.1038009229
-74.0728,39.95885,2.65176,NAVD88,Excellent seed line on front of house,HWM-NJ-OCE-334,10/30/2012,2.6227687255
-74.0294,40.33405,2.95656,NAVD88,Good seed and mud line on fence,HWM-NJ-MON-316,10/30/2012,2.8896014161
-74.0294,40.33379,2.95656,NAVD88,Good seed and mud line inside garage,HWM-NJ-MON-317,10/30/2012,2.8896014161
-74.0517,40.03662,2.1336,NAVD88,Good seed line on garage door,HWM-NJ-OCE-336,10/30/2012,2.0762524043
-74.1308,40.64531,3.53568,NAVD88,Good debris line on northeast face of brick entrance to Dennis P Collins park,HWM-NJ-HUD-104,10/30/2012,3.4862501847
-74.2095,40.44539,4.4196,NAVD88,Good seed line on exterior of northeast corner of house,HWM-NJ-MON-218,10/30/2012,4.3881664251
-74.2234,40.44719,4.08432,NAVD88,Good seed line on tree,HWM-NJ-MON-220,10/30/2012,4.053148829
-74.1102,40.0566,2.1336,NAVD88,Poor debris line on lawn,HWM-NJ-OCE-338,10/30/2012,2.1430043678
-74.257,40.4616,3.99288,NAVD88,Fair debris line 40 ft south of Route 35 and 120 ft northeast of entrance to Viking Marina entrance at southeast end of bridge,HWM-NJ-MID-406,10/29/2012,3.9657172321
-74.2421,40.45268,4.14528,NAVD88,Excellent seed and mud line on upper level exterior door on building on Route 35,HWM-NJ-MID-407,10/29/2012,4.1154875627
-74.2312,40.44453,3.90144,NAVD88,Excellent seed and mud line on inside stairway of business on Route 35,HWM-NJ-MID-408,10/29/2012,3.8705513345
-74.2311,40.44392,3.9624,NAVD88,"Good debris line 100 ft southeast of ""Welcome to Aberdeen Township"" sign and directly behind powerpole JC209ABT",HWM-NJ-MID-409,10/29/2012,3.9315113345
-74.1451,40.01891,2.22504,NAVD88,Poor debris line in parking lot,HWM-NJ-OCE-345,10/30/2012,2.230170664
-74.4455,39.35716,2.22504,NAVD88,Good seed and mud line inside door of restaurant,HWM-NJ-ATL-300,10/29/2012,2.1474029236
-71.0717,41.51623,1.76784,NAVD88,Excellent seed line on building,HWM-MA-BRI-203,10/29/2012,1.6884572377
-71.1917,41.46534,2.56032,NAVD88,Poor debris line on ground,HWM-RI-NEW-208,10/29/2012,2.4566377428
-71.2401,41.61973,3.16992,NAVD88,Fair debris line on pier piling,HWM-RI-NEW-212,10/29/2012,3.1025888796
-71.4171,41.52778,2.56032,NAVD88,Fair debris line on ground,HWM-RI-WAS-224,10/29/2012,2.4748946753
-74.0922,40.05958,2.16408,NAVD88,Good seed line on side of house,HWM-NJ-OCE-347,10/30/2012,2.1716274582
-74.2275,40.44172,3.9624,NAVD88,Good seed line,HWM-NJ-MON-223,10/30/2012,3.9311274173
-74.4999,39.42267,2.25552,NAVD88,Poor debris line on concrete sidewalk,HWM-NJ-ATL-101,10/29/2012,2.2040837136
-74.4648,39.34872,2.34696,NAVD88,Good seed and mud line on residential picket fence,HWM-NJ-ATL-302,10/29/2012,2.2672164433
-73.7905,42.47331,3.10896,NAVD88,Fair debris line across field in park,HWM-NY-ALB-006,10/30/2012,3.1312677498
-73.7905,42.47344,3.048,NAVD88,Poor debris line along field in park,HWM-NY-ALB-007,10/30/2012,3.0703077498
-73.7573,42.52867,3.048,NAVD88,Good seed line on steel post,HWM-NY-COL-001,10/30/2012,3.0699352227
-73.7579,42.52869,3.07848,NAVD88,Fair seed and mud line on small shed,HWM-NY-COL-003,10/30/2012,3.1007877498
-73.7586,42.52892,3.01752,NAVD88,Poor debris line on grass,HWM-NY-COL-004,10/30/2012,3.0398277498
-73.7924,42.34817,2.92608,NAVD88,Good seed line on white vinyl fence on Franklin St,HWM-NY-GRE-001,10/30/2012,2.9483877498
-73.7925,42.34814,2.95656,NAVD88,Good seed and mud line on sliding glass door on Franklin St,HWM-NY-GRE-002,10/30/2012,2.9788677498
-73.7926,42.34786,2.80416,NAVD88,Good debris line on lawn,HWM-NY-GRE-003,10/30/2012,2.8264677498
-74.104,40.66852,3.87096,NAVD88,Fair debris line on ground at north end of shopping center,HWM-NJ-HUD-107,10/30/2012,3.8156243591
-74.0408,40.87887,2.49936,NAVD88,Good seed line on east side of Pepboy building loading dock,HWM-NJ-BER-413,10/30/2012,2.4918875538
-74.0374,40.89284,2.49936,NAVD88,Fair debris line on Johnson Park parking lot,HWM-NJ-BER-414,10/30/2012,2.4944982619
-73.4588,40.6538,2.40792,NAVD88,Excellent seed line on outside of shed,HWM-NY-NAS-416,10/29/2012,2.4174405614
-73.413,40.663,2.286,NAVD88,Good seed line on side of house,HWM-NY-SUF-417,10/29/2012,2.2954098169
-73.2162,40.63213,2.86512,NAVD88,Good wash line inside garage,HWM-NY-SUF-418,10/29/2012,2.7856438223
-73.157,40.644,2.4384,NAVD88,Excellent mud line on outside of house,HWM-NY-SUF-419,10/29/2012,2.4141524189
-73.2031,40.63455,1.28016,NAVD88,Good mud line on fence,HWM-NY-SUF-420,10/29/2012,1.1999134323
-72.4499,40.8798,2.01168,NAVD88,Excellent seed line on side of house,HWM-NY-SUF-421,10/29/2012,1.9758303766
-72.392,40.869,2.40792,NAVD88,Good mud line on door,HWM-NY-SUF-422,10/30/2012,2.3133092493
-72.035,41.0063,1.58496,NAVD88,Excellent wash line on concrete wall,HWM-NY-SUF-424,10/29/2012,1.5063790766
-71.9345,41.07223,1.76784,NAVD88,Poor debris line in grass,HWM-NY-SUF-425,10/29/2012,1.6903373097
-71.9565,41.0501,1.8288,NAVD88,Good wash line on speed limit sign,HWM-NY-SUF-426,10/29/2012,1.7616205585
-72.1866,41.0039,1.85928,NAVD88,Excellent wash line on cinder block wall,HWM-NY-SUF-427,10/30/2012,1.7602711418
-72.291,41.001,1.92024,NAVD88,Excellent wash line on fence,HWM-NY-SUF-428,10/30/2012,1.8159215824
-72.6612,40.91617,2.46888,NAVD88,Excellent seed line on basement door of building,HWM-NY-SUF-512,10/30/2012,2.3369862013
-72.6612,40.91617,2.49936,NAVD88,Poor seed line on back of building,HWM-NY-SUF-513,10/30/2012,2.3674662013
-72.6554,40.91746,2.40792,NAVD88,Poor seed line on door outside building,HWM-NY-SUF-514,10/30/2012,2.2719137937
-72.5554,40.9101,2.25552,NAVD88,Excellent seed line on post,HWM-NY-SUF-516,10/30/2012,2.1189751316
-73.5816,40.90816,3.16992,NAVD88,Excellent seed line on fence,HWM-NY-NAS-936,10/30/2012,3.0938552793
-73.6357,40.89152,3.048,NAVD88,Excellent seed line on door,HWM-NY-NAS-938,10/30/2012,2.9676935818
-73.6275,40.89939,3.01752,NAVD88,Good seed line on tree,HWM-NY-NAS-939,10/30/2012,2.9388069778
-73.6496,40.80471,3.10896,NAVD88,Excellent seed line pn side of building,HWM-NY-NAS-940,10/30/2012,3.0294659707
-73.6466,40.82358,3.10896,NAVD88,Excellent seed line,HWM-NY-NAS-941,10/30/2012,3.0281218934
-73.6505,40.85112,3.32232,NAVD88,Poor debris line on beach,HWM-NY-NAS-942,10/30/2012,3.2385483987
-73.2104,40.85846,2.62128,NAVD88,Good seed line on fence,HWM-NY-SUF-943,10/29/2012,2.5770925287
-73.1934,40.8826,2.71272,NAVD88,Excellent seed line on door of house,HWM-NY-SUF-944,10/29/2012,2.6542582594
-74.0443,40.07279,2.07264,NAVD88,Good seed line on picket fence,HWM-NJ-OCE-228,10/30/2012,2.0322563221
-74.0567,40.06821,1.95072,NAVD88,Excellent seed line on garage door on Shore Dr,HWM-NJ-OCE-229,10/30/2012,1.9422841183
-73.7043,40.82108,3.048,NAVD88,Good seed line inside garage,HWM-NY-NAS-517,10/30/2012,2.9124757867
-74.5369,39.30495,2.52984,NAVD88,Poor mud line on exterior of garage door,HWM-NJ-ATL-304,10/29/2012,2.4326119125
-74.5368,39.30481,2.56032,NAVD88,Good mud line on inside of sliding glass door,HWM-NJ-ATL-305,10/29/2012,2.4630919125
-74.5724,39.27797,2.5908,NAVD88,Good mud line on swimming pool fence at hotel,HWM-NJ-ATL-306,10/29/2012,2.5084303297
-75.3495,37.93594,1.2192,NAVD88,Good seed line on fence at Fir Landing parking lot.,HWM-VA-ACC-001,10/29/2012,1.1617136149
-75.6874,37.60575,1.76784,NAVD88,Fair seed line and water line under USCG Station in basement.,HWM-VA-ACC-002,10/29/2012,1.6729204377
-75.6637,37.92637,1.8288,NAVD88,Excellent seed line on inside of shed.,HWM-VA-ACC-051,10/29/2012,1.7427300361
-75.6637,37.92637,1.79832,NAVD88,Good seed line and mud stain on oustide of garage.,HWM-VA-ACC-052,10/29/2012,1.7122500361
-75.6637,37.92637,1.58496,NAVD88,Poor wash line on roadside embankment (north side).,HWM-VA-ACC-053,10/29/2012,1.4988900361
-75.7058,37.79126,1.88976,NAVD88,Excellent seed line inside garage door.,HWM-VA-ACC-054,10/29/2012,1.7983209764
-75.7858,37.72195,1.55448,NAVD88,Good seed line on inside door of storage shed.,HWM-VA-ACC-055,10/29/2012,1.4614563944
-75.7858,37.72195,1.55448,NAVD88,Fair wash line on berm next to creek on eastern edge of property.,HWM-VA-ACC-056,10/29/2012,1.4614563944
-75.8312,37.66615,1.524,NAVD88,Good seed line on outside of fenced-in enclosure near public boat ramp.,HWM-VA-ACC-057,10/29/2012,1.4303939676
-75.8312,37.66615,1.46304,NAVD88,Fair wash line on north side of parking lot.,HWM-VA-ACC-058,10/29/2012,1.3694339676
-76.3951,37.28022,1.3716,NAVD88,Excellent seed line on trailer.,HWM-VA-GLO-001,10/29/2012,1.2856373394
-76.3951,37.28022,1.40208,NAVD88,Excellent seed line on inside of grill.,HWM-VA-GLO-002,10/29/2012,1.3161173394
-76.2813,37.44928,1.0668,NAVD88,Excellent seed line on chimney.,HWM-VA-MAT-001,10/29/2012,0.9849053191
-76.2813,37.44928,1.0668,NAVD88,Excellent seed line on outside of garage.,HWM-VA-MAT-002,10/29/2012,0.9849053191
-76.2741,37.31894,1.40208,NAVD88,Excellent seed line on inside of cinderblock shed.,HWM-VA-MAT-003,10/29/2012,1.3161608359
-76.2741,37.31894,1.43256,NAVD88,Excellent seed line on outside of cinderblock building.,HWM-VA-MAT-004,10/29/2012,1.3466408359
-76.259,36.95925,2.31648,NAVD88,Good debris line on beach behind dunes at Sarah Constant park.,HWM-VA-NFK-004,10/29/2012,2.2293611136
-76.2986,36.85881,1.49352,NAVD88,Good wash line in yards and driveways at Fairfax Ave. and Mowbray Arch.,HWM-VA-NFK-005,10/29/2012,1.4134123707
-75.9554,37.28775,1.76784,NAVD88,Poor high-water mark provided by landowner from observation during storm.,HWM-VA-NOR-001,10/29/2012,1.6628092175
-75.9347,37.47625,1.31064,NAVD88,Fair wash line and mark provided by landowner.,HWM-VA-NOR-002,10/29/2012,1.2143395769
-75.8398,37.55695,0.94488,NAVD88,Fair wash line along road berm at western end of bridge.,HWM-VA-NOR-051,10/29/2012,0.8469635012
-75.9654,37.41066,1.34112,NAVD88,Fair wash line near W.P.O.A. dock off Wilsonia Harbor Way.,HWM-VA-NOR-053,10/29/2012,1.2439264907
-75.9271,36.70043,2.40792,NAVD88,Good seed line and debris line in yard.,HWM-VA-VAB-001,10/29/2012,2.3490944028
-75.942,36.74027,2.65176,NAVD88,Good seed line on house and debris line in yard.,HWM-VA-VAB-002,10/29/2012,2.5756624371
-76.0644,36.85208,1.73736,NAVD88,Good debris line in back yard.,HWM-VA-VAB-003,10/29/2012,1.6489138523
-76.4199,37.21428,1.524,NAVD88,Fair wash line in back yard.,HWM-VA-YOR-001,10/29/2012,1.4358517414
-74.0537,40.10575,2.83464,NAVD88,Good seed line on northwest side of diner on window,HWM-NJ-MON-363,10/30/2012,2.7866392433
-74.0513,40.09983,2.65176,NAVD88,Good seed line next to office door inside garage bay of Garden State Marina,HWM-NJ-MON-365,10/30/2012,2.6051352352
-72.3032,41.0136,1.95072,NAVD88,Excellent wash line on side of house,HWM-NY-SUF-429,10/30/2012,1.8465964076
-72.3197,41.0371,1.9812,NAVD88,Excellent wash line on wooden post,HWM-NY-SUF-430,10/30/2012,1.8774207139
-72.3155,40.9929,1.92024,NAVD88,Excellent wash line on post,HWM-NY-SUF-431,10/30/2012,1.8140678332
-72.3629,40.9937,1.9812,NAVD88,Excellent seed line on tree,HWM-NY-SUF-432,10/30/2012,1.8721802735
-72.3982,40.9598,1.9812,NAVD88,Excellent wash line on gate,HWM-NY-SUF-433,10/30/2012,1.8681502321
-72.4395,40.9172,2.04216,NAVD88,Excellent wash line on house,HWM-NY-SUF-434,10/30/2012,1.9361446233
-72.4695,40.8975,1.9812,NAVD88,Excellent seed line on shed,HWM-NY-SUF-435,10/29/2012,1.8861534574
-72.5033,40.8935,1.92024,NAVD88,Good wash line on house,HWM-NY-SUF-436,10/30/2012,1.8293123768
-73.3679,40.66942,2.07264,NAVD88,Excellent seed line on building,HWM-NY-SUF-621,10/29/2012,2.081260468
-73.333,40.67828,2.01168,NAVD88,Excellent mud line on fence,HWM-NY-SUF-622,10/29/2012,2.0204300485
-73.2905,40.68781,1.88976,NAVD88,Good debris line,HWM-NY-SUF-623,10/29/2012,1.8981802019
-73.1892,40.70754,1.73736,NAVD88,Good debris line,HWM-NY-SUF-626,10/29/2012,1.7449125092
-73.1412,40.71995,1.6764,NAVD88,Good debris line on grass,HWM-NY-SUF-627,10/29/2012,1.6764
-73.142,40.7277,1.76784,NAVD88,Excellent seed line on fence,HWM-NY-SUF-628,10/29/2012,1.7680246103
-73.0915,40.72188,1.64592,NAVD88,Excellent mud line on building,HWM-NY-SUF-629,10/29/2012,1.64592
-73.0638,40.72998,1.6764,NAVD88,Excellent seed line on utility pole,HWM-NY-SUF-630,10/29/2012,1.6761734244
-73.0365,40.73158,1.70688,NAVD88,Excellent seed line on fence,HWM-NY-SUF-631,10/29/2012,1.7015319495
-72.9814,40.75041,1.64592,NAVD88,Excellent mud line on fence,HWM-NY-SUF-632,10/29/2012,1.6363547621
-74.2104,40.51153,3.99288,NAVD88,Excellent seed line on wooded guard rail,HWM-NY-RIC-716,10/30/2012,3.9573875984
-74.1589,40.52844,5.15112,NAVD88,Fair debris line on grass,HWM-NY-RIC-717,10/30/2012,5.1046959054
-74.1166,40.55526,3.81,NAVD88,Excellent seed line on door frame of house,HWM-NY-RIC-718,10/30/2012,3.7547686933
-74.0683,40.59386,3.87096,NAVD88,Excellent seed line on garage door,HWM-NY-RIC-719,10/30/2012,3.8081258117
-74.0631,40.61564,4.66344,NAVD88,Excellent debris line,HWM-NY-RIC-720,10/30/2012,4.5996762474
-74.0739,40.63772,3.56616,NAVD88,Good debris line,HWM-NY-RIC-721,10/30/2012,3.50442681
-74.0895,40.64679,3.56616,NAVD88,Excellent debris line,HWM-NY-RIC-722,10/30/2012,3.5082530222
-74.1359,40.64117,3.5052,NAVD88,Fair debris line on lawn,HWM-NY-RIC-723,10/30/2012,3.4548348575
-73.9023,40.8047,3.23088,NAVD88,Good seed line inside guard booth,HWM-NY-BRO-807,10/30/2012,3.1834947023
-73.87,40.807,3.13944,NAVD88,Good debris line in grass field,HWM-NY-BRO-808,10/30/2012,3.0848578661
-73.8386,40.8154,3.26136,NAVD88,Fair debris line on fence,HWM-NY-BRO-809,10/30/2012,3.201800651
-73.8037,40.8092,3.16992,NAVD88,Good debris line on grass,HWM-NY-BRO-810,10/30/2012,3.1075930509
-73.802,40.8647,3.10896,NAVD88,Good debris line on grass,HWM-NY-BRO-811,10/30/2012,3.0322685215
-73.7686,40.9087,3.59664,NAVD88,Good debris line,HWM-NY-WES-812,10/30/2012,3.5136613491
-73.7447,40.9317,3.07848,NAVD88,Good debris line on berm,HWM-NY-WES-813,10/30/2012,3.0017468728
-73.2606,40.64552,1.73736,NAVD88,Excellent seed line on electrical box,HWM-NY-SUF-945,10/29/2012,1.736834243
-73.2531,40.64172,1.64592,NAVD88,Excellent seed line on front door of building,HWM-NY-SUF-946,10/29/2012,1.639423761
-73.2652,40.62505,1.95072,NAVD88,Excellent seed line on inside wall of building,HWM-NY-SUF-948,10/29/2012,1.8781899241
-73.2433,40.62819,1.70688,NAVD88,Poor debris line on path,HWM-NY-SUF-949,10/29/2012,1.643065129
-73.2882,40.63977,2.37744,NAVD88,Excellent seed line on post under back deck,HWM-NY-SUF-950,10/29/2012,2.3605119698
-73.3925,40.62002,2.71272,NAVD88,Excellent seed line on back of house,HWM-NY-SUF-952,10/29/2012,2.690551522
-73.4168,40.61515,2.286,NAVD88,Excellent seed line on garage,HWM-NY-SUF-953,10/29/2012,2.2747290522
-73.4301,40.6102,2.16408,NAVD88,Excellent debris line on building,HWM-NY-NAS-954,10/29/2012,2.088901116
-73.5597,40.62021,2.65176,NAVD88,Good debris line,HWM-NY-NAS-955,10/29/2012,2.6576480281
-73.4233,40.66481,2.286,NAVD88,Excellent seed line on side of house,HWM-NY-SUF-956,10/29/2012,2.2947451544
-74.4176,39.37554,2.19456,NAVD88,Fair debris line on mowed grassy slope,HWM-NJ-ATL-104,10/29/2012,2.11843449
-74.0027,40.4622,3.38328,NAVD88,Excellent seed line on inside wall of utility room,HWM-NJ-MID-224,10/30/2012,3.310406877
-74.3624,40.4165,3.62712,NAVD88,Good seed line underneath porch steps at intersection of River Rd and Main St,HWM-NJ-MID-225,10/29/2012,3.6132893187
-74.3793,40.452,3.90144,NAVD88,Good seed line inside building 150 ft southeast of intersection of Water St and Main St,HWM-NJ-MID-226,10/29/2012,3.8918158382
-74.0429,40.12388,3.07848,NAVD88,Good seed line on side of house,HWM-NJ-MON-357,10/30/2012,3.0212385602
-74.0382,40.11792,2.86512,NAVD88,Excellent seed line on side of house,HWM-NJ-MON-359,10/30/2012,2.8042145211
-74.0489,40.11193,3.6576,NAVD88,Excellent seed line on side of house,HWM-NJ-MON-361,10/30/2012,3.6050209547
-74.0862,40.09539,2.8956,NAVD88,Good seed line on patio wall,HWM-NJ-OCE-355,10/30/2012,2.8734532535
-74.0561,40.69265,3.62712,NAVD88,Fair debris line on west side of embankment in Washington Rock State Park,HWM-NJ-HUD-108,10/30/2012,3.5638133852
-74.0336,40.71649,3.16992,NAVD88,Excellent mud line on glass door of entrance to port authority transit hub,HWM-NJ-HUD-109,10/30/2012,3.1065980967
-74.0285,40.73564,3.23088,NAVD88,Excellent mud line on glass door of food court inside Hoboken terminal,HWM-NJ-HUD-110,10/30/2012,3.1750983487
-74.1894,39.64027,1.6764,NAVD88,Poor seed line on door,HWM-NJ-OCE-371,10/30/2012,1.6318046355
-74.2064,39.60707,2.34696,NAVD88,Fair mud line on side of house,HWM-NJ-OCE-373,10/30/2012,2.2996895046
-74.2283,39.57957,2.25552,NAVD88,Excellent seed line on garage,HWM-NJ-OCE-375,10/30/2012,2.2121725407
-74.1602,39.66989,1.70688,NAVD88,Good water line on garage door,HWM-NJ-OCE-379,10/30/2012,1.6601799843
-74.1238,40.54583,4.2672,NAVD88,Poor debris line in grass,HWM-NY-RIC-982,10/30/2012,4.2137734549
-74.005,40.78278,3.07848,NAVD88,Good debris line on fake grass fence,HWM-NJ-HUD-421,10/30/2012,3.0438324831
-73.9932,40.79613,2.98704,NAVD88,Excellent debris line on concrete wall in utility room,HWM-NJ-HUD-422,10/30/2012,2.9585315082
-74.6243,39.62313,2.25552,NAVD88,Excellent seed line on face of garage door frame,HWM-NJ-ATL-232,10/29/2012,2.2291061607
-74.6499,39.64196,2.286,NAVD88,Good seed line 50 ft downstream of bridge on County Road 542 on gage house of discontinued gaging station,HWM-NJ-BUR-233,10/29/2012,2.2596269694
-74.3047,39.63789,1.49352,NAVD88,Good seed line on siding of house,HWM-NJ-OCE-384,10/29/2012,1.4748125812
-74.2227,39.66918,2.286,NAVD88,Fair seed line on fence,HWM-NJ-OCE-382,10/30/2012,2.2586162534
-74.3401,39.59999,2.4384,NAVD88,Good seed line on back door,HWM-NJ-OCE-386,10/29/2012,2.422149304
-74.3425,39.60215,2.46888,NAVD88,Poor debris line in gravel lot,HWM-NJ-OCE-388,10/29/2012,2.4528517243
-74.3328,39.57983,2.37744,NAVD88,Excellent seed line on inside wall,HWM-NJ-OCE-390,10/29/2012,2.3608070352
-74.3462,39.59194,2.40792,NAVD88,Excellent seed line in tree,HWM-NJ-OCE-392,10/29/2012,2.3921789851
-74.3749,39.55114,2.5908,NAVD88,Excellent seed line on side of house,HWM-NJ-OCE-394,10/29/2012,2.5761456011
-73.9781,40.7108,3.41376,NAVD88,Poor debris line on park lawn,HWM-NY-NEW-113,10/30/2012,3.3269126351
-73.9781,40.7108,3.32232,NAVD88,Poor debris line on grass hill in park,HWM-NY-NEW-114,10/30/2012,3.2354726351
-73.9781,40.7108,3.32232,NAVD88,Fair seed line on tree in park,HWM-NY-NEW-115,10/30/2012,3.2354726351
-73.9772,40.7111,3.32232,NAVD88,Poor debris line on grass hill in park,HWM-NY-NEW-116,10/30/2012,3.2354726351
-73.9772,40.7111,3.32232,NAVD88,Poor debris line on grass hill in park,HWM-NY-NEW-117,10/30/2012,3.2354726351
-73.9772,40.7111,3.3528,NAVD88,Poor debris line on hill in park under tree,HWM-NY-NEW-118,10/30/2012,3.2659526351
-73.9772,40.7111,3.32232,NAVD88,Fair debris line on park sidewalk,HWM-NY-NEW-119,10/30/2012,3.2354726351
-74.0114,40.7208,3.29184,NAVD88,Excellent mud line on outside door of building,HWM-NY-NEW-128,10/30/2012,3.2245243843
-73.829,40.79644,3.29184,NAVD88,Poor debris line on seawall,HWM-NY-QUE-520,10/30/2012,3.2326168026
-73.7806,40.79351,3.23088,NAVD88,Poor debris line on grass,HWM-NY-QUE-521,10/30/2012,3.1708132404
-72.6975,40.79919,1.79832,NAVD88,Good seed line on fence,HWM-NY-SUF-633,10/29/2012,1.7746800752
-72.7336,40.80731,1.9812,NAVD88,Good wash line in front yard,HWM-NY-SUF-634,10/29/2012,1.9585549475
-72.8991,40.77322,1.58496,NAVD88,Excellent seed line on side of house,HWM-NY-SUF-635,10/29/2012,1.5683723813
-72.9139,40.76451,1.64592,NAVD88,Excellent seed line on side of house,HWM-NY-SUF-636,10/29/2012,1.6304372819
-72.6621,40.79022,1.95072,NAVD88,Excellent seed line on fence,HWM-NY-SUF-637,10/29/2012,1.9102688049
-72.6257,40.80031,1.0668,NAVD88,Excellent seed line on side of fence,HWM-NY-SUF-638,10/29/2012,1.0410637817
-72.5676,40.8169,1.95072,NAVD88,Excellent seed line on fence,HWM-NY-SUF-639,10/29/2012,1.9032569555
-74.0127,40.66524,3.44424,NAVD88,Good seed line on side of building,HWM-NY-KIN-724,10/29/2012,3.3695273883
-73.991,40.67541,2.98704,NAVD88,Excellent wash line on side of building,HWM-NY-KIN-725,10/29/2012,2.9073670152
-73.8825,40.56779,3.2004,NAVD88,Excellent debris line,HWM-NY-QUE-726,10/30/2012,3.1302267886
-73.8833,40.56537,3.29184,NAVD88,Fair debris line in parking lot,HWM-NY-QUE-727,10/30/2012,3.2216667886
-73.9143,40.56111,3.26136,NAVD88,Excellent wash line on wall inside building,HWM-NY-QUE-728,10/29/2012,3.19136108
-73.8345,40.58243,3.13944,NAVD88,Fair wash line on wall,HWM-NY-QUE-731,10/30/2012,3.0698157921
-73.7414,40.59512,2.7432,NAVD88,Good seed line on side of building,HWM-NY-QUE-732,10/30/2012,2.7123448789
-72.3363,41.11956,1.9812,NAVD88,Excellent seed line on front of house,HWM-NY-SUF-957,10/29/2012,1.8823029005
-72.3874,41.08202,1.95072,NAVD88,Good seed line on side of house,HWM-NY-SUF-958,10/29/2012,1.8467302573
-72.3935,41.03709,2.01168,NAVD88,Good seed line on garage foundation,HWM-NY-SUF-959,10/29/2012,1.9034863641
-72.4277,41.03756,2.10312,NAVD88,Good seed line on gate,HWM-NY-SUF-960,10/29/2012,1.9928077691
-72.5486,40.95795,2.07264,NAVD88,Good seed line on fence,HWM-NY-SUF-961,10/29/2012,1.9403668177
-72.5757,40.93516,2.37744,NAVD88,Good mud line on shed,HWM-NY-SUF-962,10/29/2012,2.2387478743
-73.9435,41.65165,2.77368,NAVD88,"Good seed line on upstream, streamward side of stainless steel enclosure - 01372058 - Hudson River below Poughkeepsie, NY",HWM-NY-DUT-006,10/30/2012,2.8231271863
-73.9436,41.65172,2.7432,NAVD88,"Good mud line on inside of USGS streamgage door - 01372058 - Hudson River below Poughkeepsie, NY",HWM-NY-DUT-007,10/30/2012,2.7926471863
-74.0051,41.50245,2.71272,NAVD88,Good mud line on door of marina office building,HWM-NY-ORA-001,10/30/2012,2.7570128299
-74.0048,41.50418,2.71272,NAVD88,Good seed line on inside of door to restroom of Newburgh Marina,HWM-NY-ORA-002,10/30/2012,2.7573735461
-74.0052,41.50464,2.7432,NAVD88,Fair wash line on ground in parking lot divider,HWM-NY-ORA-003,10/30/2012,2.7878535461
-73.9556,41.38333,2.62128,NAVD88,"Fair seed line on inside of USGS streamgage - 01374019 - Hudson River at South Dock at West Point, NY",HWM-NY-ORA-004,10/30/2012,2.6595577788
-73.9769,41.23012,3.13944,NAVD88,Poor debris lione on ground,HWM-NY-ROC-001,10/30/2012,3.1710634231
-73.9769,41.23009,2.86512,NAVD88,Fair seed line on back of house,HWM-NY-ROC-002,10/30/2012,2.8967434231
-73.9768,41.23006,2.62128,NAVD88,Good seed line on inside of gagrage door,HWM-NY-ROC-003,10/30/2012,2.6529034231
-73.9769,41.2299,2.86512,NAVD88,Excellent seed line on back of house in protected alcove,HWM-NY-ROC-004,10/30/2012,2.8967434231
-73.977,41.22989,3.38328,NAVD88,Poor debris line on ground,HWM-NY-ROC-005,10/30/2012,3.4149034231
-73.8966,41.04324,2.95656,NAVD88,Good seed line on interior wall of concrete instrument shelter,HWM-NY-ROC-006,10/30/2012,2.9792991608
-73.87,41.15692,2.7432,NAVD88,Good debris line on grass downstream of Metro North station,HWM-NY-WES-001,10/30/2012,2.769623296
-73.8701,41.15573,2.7432,NAVD88,Excellent seed line inside public bathroom,HWM-NY-WES-002,10/30/2012,2.7700278997
-73.8846,40.99874,2.71272,NAVD88,"Excellent seed line on upstream side of ""Harvest-on-Hudson"" restaurant",HWM-NY-WES-003,10/30/2012,2.7311191101
-73.9031,40.93719,2.7432,NAVD88,Good debris line on grass on upstream side of Hudson Park at end of Wells Avenue,HWM-NY-WES-004,10/30/2012,2.7599831592
-73.903,40.93732,2.7432,NAVD88,Good debris line on grass on upstream side of Hudson Park at end of Wells Avenue,HWM-NY-WES-005,10/30/2012,2.7599831592
-73.9029,40.93713,2.80416,NAVD88,Fair seed line on exterior of door on streamward side of 2 Alexander Street,HWM-NY-WES-006,10/30/2012,2.8209431592
-74.8909,39.11678,2.04216,NAVD88,Good seed line on wood piling at Reeds beach,HWM-NJ-CPM-234,10/29/2012,1.9433831603
-74.9365,39.03646,3.26136,NAVD88,Poor debris line on beach,HWM-NJ-CPM-235,10/29/2012,3.1536518811
-74.9565,38.99634,2.77368,NAVD88,Poor debris line on beach,HWM-NJ-CPM-236,10/29/2012,2.657135649
-74.9641,38.968,2.49936,NAVD88,Poor debris line near NOAA tide gage,HWM-NJ-CPM-237,10/29/2012,2.3656057019
-73.6926,40.95581,3.10896,NAVD88,Excellent seed line on utility house,HWM-NY-WES-814,10/30/2012,3.0383794803
-73.6656,40.97857,2.98704,NAVD88,Excellent seed line on wall inside building,HWM-NY-WES-815,10/30/2012,2.9143299106
-73.6283,41.01665,2.98704,NAVD88,Good debris line on grass,HWM-CT-FFD-816,10/30/2012,2.9216833058
-73.6152,41.02181,3.01752,NAVD88,Good debris line on grass,HWM-CT-FFD-817,10/30/2012,2.9532776966
-73.592,41.03278,3.048,NAVD88,Good debris line on grass,HWM-CT-FFD-818,10/30/2012,2.9847610514
-74.0647,40.80105,2.52984,NAVD88,Good debris line in lawn behind house on Mallard Place,HWM-NJ-HUD-424,10/30/2012,2.5080814734
-74.0867,40.77514,2.65176,NAVD88,Fair debris line along east side of railroad tracks 50 ft northwest of electrical tower,HWM-NJ-HUD-425,10/30/2012,2.6294534907
-74.0888,40.76097,2.80416,NAVD88,Good debris line along south side of embankment in Laurel Hills Park,HWM-NJ-HUD-426,10/30/2012,2.7793355241
-73.6894,42.74684,3.23088,NAVD88,Poor debris line on right bank rip-rap,HWM-NY-ALB-009,10/30/2012,3.2528152227
-73.6892,42.7474,3.26136,NAVD88,Poor debris line on right bank rip-rap,HWM-NY-ALB-010,10/30/2012,3.2832952227
-73.1109,41.1633,2.62128,NAVD88,Fair seed line in building,HWM-CT-FFD-811,10/30/2012,2.5539000187
-73.111,41.1626,2.52984,NAVD88,Fair seed line on building,HWM-CT-FFD-812,10/30/2012,2.4627607838
-73.117,41.16306,2.68224,NAVD88,Fair debris line on road,HWM-CT-FFD-813,10/30/2012,2.6133502256
-72.3516,41.28256,2.1336,NAVD88,Fair debris line on road,HWM-CT-MSX-311,10/30/2012,2.0595504825
-74.0039,40.7078,3.38328,NAVD88,Good seed line on outside door of Post Office,HWM-NY-NEW-108,10/30/2012,3.289870879
-74.0011,40.7078,3.3528,NAVD88,Good seed line on outside wall of building,HWM-NY-NEW-109,10/30/2012,3.259390879
-74.0022,40.7078,3.38328,NAVD88,Good mud line on outside door of building,HWM-NY-NEW-110,10/30/2012,3.289870879
-74.0022,40.7078,3.38328,NAVD88,Excellent mud line on outside window of building,HWM-NY-NEW-111,10/30/2012,3.289870879
-73.9953,40.7097,3.41376,NAVD88,Fair seed and mud line on outside wall of building,HWM-NY-NEW-112,10/30/2012,3.3113290827
-74.0161,40.7164,3.32232,NAVD88,Poor debris line on grass,HWM-NY-NEW-120,10/30/2012,3.2505240372
-74.0167,40.7164,3.32232,NAVD88,Poor wash line on mulch,HWM-NY-NEW-121,10/30/2012,3.2532242916
-74.0147,40.7181,3.44424,NAVD88,Poor debris line in garden,HWM-NY-NEW-122,10/30/2012,3.3724440372
-74.015,40.7183,3.38328,NAVD88,Poor debris line in garden,HWM-NY-NEW-123,10/30/2012,3.3114840372
-74.0119,40.7169,3.32232,NAVD88,Excellent seed line on loading dock,HWM-NY-NEW-124,10/30/2012,3.2505240372
-74.0125,40.7169,3.23088,NAVD88,Fair seed line on outside door of building,HWM-NY-NEW-125,10/30/2012,3.1590840372
-74.0136,40.7164,2.98704,NAVD88,Good seed line on outside wall of building,HWM-NY-NEW-126,10/30/2012,2.9152440372
-74.0139,40.7131,2.95656,NAVD88,Good mud line on window of building,HWM-NY-NEW-127,10/30/2012,2.8798206068
-70.8493,41.59426,2.1336,NAVD88,Good seed line,HWM-MA-BRI-628,10/29/2012,2.0542463769
-71.286,41.72386,1.88976,NAVD88,Seed line on home transfer to telephone pole,HWM-RI-BRI-640,10/29/2012,1.8121653547
-71.8588,41.31007,1.76784,NAVD88,Excellent mud line door of house,HWM-RI-WAS-232,10/29/2012,1.6684371178
-71.7671,41.33486,2.01168,NAVD88,Excellent seed line on house #53,HWM-RI-WAS-236,10/29/2012,1.9014152591
-71.6448,41.38132,1.24968,NAVD88,Excellent debris line white gasoline tank,HWM-RI-WAS-241,10/30/2012,1.1486512745
-71.6054,41.36532,1.18872,NAVD88,Good debris line tree near #151 driveway,HWM-RI-WAS-244,10/30/2012,1.0864261138
-71.5154,41.37652,1.9812,NAVD88,Debris line on ground,HWM-RI-WAS-653,10/30/2012,1.8820551985
-74.042,40.84234,2.25552,NAVD88,Excellent seed line on back corner of house,HWM-NJ-BER-416,10/30/2012,2.2405925317
-74.1472,40.78553,3.59664,NAVD88,Excellent seed line on building,HWM-NJ-BER-417,10/30/2012,3.5764295364
-71.5587,41.17379,2.56032,NAVD88,Poor debris line rack on ground,HWM-RI-WAS-257,10/30/2012,2.4530523967
-71.5619,41.20204,4.93776,NAVD88,Fair seed line on tree,HWM-RI-WAS-258,10/30/2012,4.8311034486
-71.565,41.22367,2.01168,NAVD88,Poor debris line rack on ground,HWM-RI-WAS-259,10/30/2012,1.9054921572
-71.5783,41.20813,3.16992,NAVD88,Poor debris line rack on ground,HWM-RI-WAS-260,10/30/2012,3.0632963131
-71.5738,41.18078,1.64592,NAVD88,Good debris line on cement wall,HWM-RI-WAS-261,10/30/2012,1.5388043662
-71.5922,41.19014,1.58496,NAVD88,Poor debris line rack on ground,HWM-RI-WAS-262,10/30/2012,1.4779939292
-71.5686,41.18903,1.95072,NAVD88,Poor debris line,HWM-RI-WAS-263,10/30/2012,1.8437460614
-70.8268,42.82298,2.80416,NAVD88,Excellent debris line on tree,HWM-MA-ESS-309,10/29/2012,2.7549323562
-70.8267,42.82286,2.8956,NAVD88,Good debris line on tree,HWM-MA-ESS-310,10/29/2012,2.8463723562
-70.8619,42.8101,2.56032,NAVD88,Good debris line on tree,HWM-MA-ESS-314,10/29/2012,2.5644447811
-70.82,42.81666,3.10896,NAVD88,Good debris line on ground,HWM-MA-ESS-316,10/29/2012,3.0507538963
-70.8471,42.76347,2.16408,NAVD88,Fair debris line on ground,HWM-MA-ESS-318,10/29/2012,2.1039198697
-74.4628,39.55333,2.49936,NAVD88,Good seed line on side of marina building,HWM-NJ-ATL-006,10/30/2012,2.4889739205
-74.4628,39.55333,2.46888,NAVD88,Fair seed line on telephone pole at marina,HWM-NJ-ATL-007,10/30/2012,2.4584939205
-73.365,41.147,3.10896,NAVD88,Good seed line on bridge,HWM-CT-FFD-513,10/30/2012,3.0585530895
-73.365,41.14699,3.13944,NAVD88,Fair seed line on bridge,HWM-CT-FFD-514,10/30/2012,3.0890330895
-73.3641,41.14727,3.10896,NAVD88,Excellent seed line on bridge,HWM-CT-FFD-515,10/30/2012,3.0585530895
-74.0069,40.7031,3.44424,NAVD88,Good seed line inside window of ferry terminal building,HWM-NY-NEW-104,10/30/2012,3.3612160346
-74.0067,40.705,3.38328,NAVD88,Fair seed line on outside wall of building,HWM-NY-NEW-105,10/30/2012,3.2958266794
-74.0067,40.705,3.41376,NAVD88,Fair seed line on outside wall of building,HWM-NY-NEW-106,10/30/2012,3.3263066794
-74.0064,40.705,3.41376,NAVD88,Fair mud line on inside window of building,HWM-NY-NEW-107,10/30/2012,3.3263066794
-73.4268,40.65905,2.286,NAVD88,Excellent seed line on side of house,HWM-NY-NAS-901,10/29/2012,2.2950762209
-74.0356,40.64076,3.44424,NAVD88,Good seed line on inside door to shed,HWM-NY-KIN-001,10/30/2012,3.3749712146
-73.9249,40.71637,3.32232,NAVD88,Good mud line on door of building,HWM-NY-KIN-002,10/30/2012,3.2548782013
-73.8881,40.64454,3.3528,NAVD88,Good seed line on garage door of house,HWM-NY-KIN-003,10/30/2012,3.284997839
-73.715,40.61083,2.98704,NAVD88,Fair debris line on back lawn on house,HWM-NY-NAS-001,10/30/2012,2.9722604183
-73.9206,40.71556,3.32232,NAVD88,Excellent wash line on door of storage container,HWM-NY-QUE-001,10/30/2012,3.2550072081
-72.3678,41.06098,2.01168,NAVD88,Good debris line in yard,HWM-NY-SUF-001,10/30/2012,1.9072297593
-72.3189,41.07394,1.88976,NAVD88,Excellent wash line,HWM-NY-SUF-002,10/30/2012,1.7885406514
-72.6156,40.9325,2.19456,NAVD88,Good debris line in front of house,HWM-NY-SUF-003,10/30/2012,2.0576568332
-73.1504,40.7476,1.85928,NAVD88,Excellent seed line on inside wall of gage house,HWM-NY-SUF-600,10/29/2012,1.8601842166
-73.9265,40.80059,3.13944,NAVD88,Fair seed line inside storage container inside chain link fenced area of NYPD Marina,HWM-NY-NEW-981,10/30/2012,3.0937518104
-73.6433,40.59076,2.83464,NAVD88,Excellent wash line on inside wall of house,HWM-NY-NAS-708,10/30/2012,2.8120427728
-73.6684,40.58501,3.53568,NAVD88,Excellent wash line on back of building,HWM-NY-NAS-710,10/30/2012,3.4647419045
-73.6864,40.58437,2.95656,NAVD88,Good wash line on front of building,HWM-NY-NAS-711,10/30/2012,2.8876870043
-73.6689,40.59328,2.65176,NAVD88,Excellent wash line on wall inside ice skating ring,HWM-NY-NAS-709,10/30/2012,2.6359003794
-73.7347,40.58705,3.87096,NAVD88,Excellent mud line inside the service entrance on inside wall at Ocean Blvd,HWM-NY-NAS-220,10/30/2012,3.8188352576
-73.711,40.58619,3.23088,NAVD88,Good mud line inside maintenance shed to west of main entrance to Atlantic Beach Club on Beach St.,HWM-NY-NAS-221,10/30/2012,3.1641313735
-73.6123,40.58958,3.10896,NAVD88,Good mud line inside small room and under AC unit,HWM-NY-NAS-222,10/30/2012,3.0458955589
-73.5771,40.59228,2.83464,NAVD88,Fair seed line on field manager shed by mower shelter,HWM-NY-NAS-223,10/30/2012,2.8165452853
-73.7323,40.94745,3.13944,NAVD88,Good seed line on inside of concrete water supply,HWM-NY-WES-980,10/30/2012,3.0664481669
-74.0,40.66725,3.3528,NAVD88,Fair debris line on chain link fence,HWM-NY-KIN-900,10/30/2012,3.274699043
-74.0056,40.66111,3.41376,NAVD88,Fair washline in compost,HWM-NY-KIN-901,10/30/2012,3.3367853026
-74.0162,40.65583,3.5052,NAVD88,Fair seedline on trailer,HWM-NY-KIN-902,10/30/2012,3.4304401963
-73.9261,40.5894,3.32232,NAVD88,Excellent seedline on side of house,HWM-NY-KIN-906,10/30/2012,3.2534724853
-73.98,40.31612,3.5052,NAVD88,Fair debris line on a 40 degree sloped yard,HWM-NJ-MON-100,10/30/2012,3.4314077883
-74.1742,40.45097,3.81,NAVD88,Good seed line on exterior of house,HWM-NJ-MON-116,10/30/2012,3.7679967447
-74.0119,40.37776,3.32232,NAVD88,Good seed line in sheltered corner of building on exterior of corrogated siding,HWM-NJ-MON-119,10/30/2012,3.2527650825
-74.0059,40.31185,2.92608,NAVD88,Good seed line on exterior wall,HWM-NJ-MON-121,10/30/2012,2.8559758555
-73.9747,40.37344,3.23088,NAVD88,Good seed and mud line on interior wall of house,HWM-NJ-MON-122,10/30/2012,3.1572447571
-73.9768,40.3971,3.32232,NAVD88,Good seed line on interior wall of garage,HWM-NJ-MON-123,10/30/2012,3.2492436028
-74.0111,40.47094,3.53568,NAVD88,Excellent seed line on interior of concrete bunker,HWM-NJ-MON-124,10/30/2012,3.4597850258
-74.2569,40.46161,3.93192,NAVD88,Good debris line on sandy slope,HWM-NJ-MID-100,10/29/2012,3.9047572321
-74.5202,39.43057,2.31648,NAVD88,Poor debris line on rip rap of dam exterior,HWM-NJ-ATL-100,10/29/2012,2.2689224151
-74.493,39.39728,2.286,NAVD88,Good seed line on exterior of motel block wall,HWM-NJ-ATL-102,10/29/2012,2.2274009936
-74.419,39.3722,2.34696,NAVD88,Good seed line on fence,HWM-NJ-ATL-103,10/29/2012,2.2622312002
-74.3979,39.39075,2.31648,NAVD88,Good seed line on white vinyl fence,HWM-NJ-ATL-105,10/29/2012,2.246327829
-74.4068,39.37773,2.37744,NAVD88,Good silt line on exterior of concrete foundation wall,HWM-NJ-ATL-106,10/29/2012,2.2936672215
-74.3552,39.41507,2.4384,NAVD88,Good sand and silt line on west side of vinyl fence,HWM-NJ-ATL-107,10/29/2012,2.3642578494
-74.3728,39.40536,2.37744,NAVD88,Good seed line on exterior of house,HWM-NJ-ATL-108,10/29/2012,2.3154356126
-73.9253,40.55532,3.87096,NAVD88,Excellent wash line on side of house,HWM-NY-QUE-729,10/30/2012,3.8009528769
-73.8598,40.57632,3.41376,NAVD88,Excellent wash line in front of building,HWM-NY-QUE-730,10/30/2012,3.3437970961
-75.3762,39.83289,2.16408,NAVD88,Poor debris line on bank near pier,HWM-PA-DEL-003,10/30/2012,2.2134894305
-75.3016,39.86007,2.19456,NAVD88,Good seed line in porch near boat storage area,HWM-PA-DEL-005,10/30/2012,2.2428267685
-75.229,39.86569,2.19456,NAVD88,Fair wash line along ramp and parking area,HWM-PA-DEL-006,10/30/2012,2.2426545967
-75.2083,39.93389,2.31648,NAVD88,Fair wash line in parking lot,HWM-PA-PHI-014,10/30/2012,2.3876487654
-75.164,39.8883,2.34696,NAVD88,Good seed line on metal box,HWM-PA-PHI-016,10/30/2012,2.4210718342
-73.7489,40.62586,3.16992,NAVD88,Excellent seed line on front of house,HWM-NY-NAS-910,10/30/2012,3.0990657459
-73.6056,40.89678,2.34696,NAVD88,Good seed line on inside corner of back of house,HWM-NY-NAS-964,10/30/2012,2.2691758343
-73.9425,40.7776,3.16992,NAVD88,Poor debris line in ornamental grass,HWM-NY-NEW-001,10/30/2012,3.1129025097
-73.9542,40.828,2.8956,NAVD88,Fair debris line on lawn,HWM-NY-NEW-002,10/30/2012,2.8766849298
-74.0117,40.7407,3.74904,NAVD88,Fair wash line on interior wall of fire house,HWM-NY-NEW-003,10/30/2012,3.6955730094
-74.0005,40.76312,3.16992,NAVD88,Excellent seed line on building,HWM-NY-NEW-004,10/30/2012,3.1259693417
-73.9733,40.74013,3.29184,NAVD88,Good debris line on fence,HWM-NY-NEW-005,10/30/2012,3.210117204
-74.0469,40.69035,3.44424,NAVD88,Excellent seed line inside of maintenance room,HWM-NY-NEW-008,10/30/2012,3.3798542655
-74.0439,40.68971,3.47472,NAVD88,Fair debris line near base of Statue of Liberty,HWM-NY-NEW-009,10/30/2012,3.4097042742
-74.0387,40.69938,3.38328,NAVD88,Poor debris line on grass hill,HWM-NY-NEW-011,10/30/2012,3.3183903082
-74.0125,40.69086,3.3528,NAVD88,Excellent seed line on glass door inside brick building,HWM-NY-NEW-012,10/30/2012,3.2798736054
-74.0249,40.68527,3.41376,NAVD88,Excellent seed line inside shed,HWM-NY-NEW-013,10/30/2012,3.3455804522
-73.8407,40.74922,2.37744,NAVD88,Fair debris line on lawn,HWM-NY-QUE-006,10/30/2012,2.3172080126
-73.7964,40.59296,3.26136,NAVD88,Good debris line on fence,HWM-NY-QUE-007,10/30/2012,3.1931292891
-73.7459,40.63739,3.23088,NAVD88,Good seed line on inside side of concrete wall,HWM-NY-QUE-910,10/30/2012,3.1604559052
-74.1663,40.59244,3.74904,NAVD88,Excellent seed line on wall of garage,HWM-NY-RIC-001,10/30/2012,3.7044937199
-73.1504,40.7476,1.85928,NAVD88,"Excellent seed line inside USGS gage house - 01306499 - Connetquot Brook near Central Islip, NY",HWM-NY-SUF-004,10/30/2012,1.8601842166
-73.3453,40.63417,1.58496,NAVD88,Excellent seed line on door inside maintenance garage,HWM-NY-SUF-965,10/29/2012,1.5552878244
-74.0586,40.0692,1.85928,NAVD88,Good seed line on siding of house at the south corner of Shore Blvd and Rue Lafayette,HWM-NJ-OCE-349,10/30/2012,1.8493941077
-74.0667,40.08271,1.95072,NAVD88,"Poor debris line in yard behind apartments, between grass and water",HWM-NJ-OCE-352,10/30/2012,1.9302107514
-74.256,39.54263,2.40792,NAVD88,Excellent water line on garage door jam,HWM-NJ-OCE-377,10/29/2012,2.345943217
-74.3538,40.47666,4.05384,NAVD88,Excellent seed line on cinder block pump house,HWM-NJ-MID-402,10/29/2012,4.0528929593
-74.2773,40.48527,4.05384,NAVD88,Excellent seed and mud line on inside of house on Augusta St,HWM-NJ-MID-405,10/29/2012,4.032333683
-74.0248,40.75994,3.13944,NAVD88,Excellent debris line at southwest corner of parking garage,HWM-NJ-HUD-420,10/30/2012,3.0910454951
-73.9785,40.81614,2.8956,NAVD88,Excellent seed and mud line on inside wall on northeast corner of building,HWM-NJ-BER-423,10/30/2012,2.8757006056
-74.2104,40.63929,3.62712,NAVD88,Fair seed line on streamward face of right bank retaining wall,HWM-NJ-UNI-208,10/30/2012,3.5934797457
-74.2094,40.44542,4.4196,NAVD88,Excellent seed line on exterior of northwest corner of house,HWM-NJ-MON-219,10/30/2012,4.3881664251
-74.4443,39.36195,2.19456,NAVD88,Fair debris line on grass slope,HWM-NJ-ATL-301,10/30/2012,2.1258170244
-74.4921,39.3375,2.10312,NAVD88,Good mud line on inside door of house,HWM-NJ-ATL-303,10/30/2012,2.0214751967
-73.9894,40.704,3.32232,NAVD88,Good seed line on back of guard booth,HWM-NY-KIN-605,10/30/2012,3.2187842435
-73.5636,40.8875,3.10896,NAVD88,"Excellent seed line inside USGS gage house - 01303000 - Mill Neeck Creek at Mill Neck, NY",HWM-NY-NAS-700,10/30/2012,3.0327355984
-72.7719,40.96522,2.77368,NAVD88,Excellent mud line on garage door of house,HWM-NY-SUF-005,10/29/2012,2.7046989039
-72.5329,40.98249,2.04216,NAVD88,Good wash line on lawn,HWM-NY-SUF-006,10/29/2012,1.9156298445
-74.0399,40.69912,3.38328,NAVD88,Good seed line inside door of Immigration Museum,HWM-NY-NEW-010,10/30/2012,3.3183903082
